{
  "inspection": {
    "id": "75a1ce8b-dcf7-46c0-8f4a-3dd09a458e8c",
    "project_id": "3c15efb6-a24a-4368-be1c-cd2c85ff31e2",
    "structure_name": "vigas",
    "location": "ala norte",
    "inspection_date": "2025-11-11",
    "inspector": "JPReyes",
    "overall_condition": "operativa",
    "summary": "Se observan fisuras",
    "photos": [
      "www.google.cl"
    ],
    "exposure": null,
    "accessibility": null,
    "created_at": "2025-11-13T02:30:50.910847+00:00",
    "updated_at": "2025-11-13T02:30:50.910847+00:00"
  },
  "timestamp": "c14824d6c1a811f0886f7008949afe56"
}